/index.html / 301
/about* /about-us 301
/contact.html /contact-us 301
/resources.html /resources 301
/parking /parking-meters 301
/*/$ /$1 301
/events/children-s-storytime-in-the-park-7th-brigade-park-chermside /events/children-s-storytime-in-the-park-7th-brigade-park-chermside-7th-brigade-park 301

/events/first-5-forever-toddler-time /events/first-5-forever-toddler-time-indooroopilly-library 301
/events/first-5-forever-chatter-play /events/first-5-forever-chatter-play-inala-library 301
/events/first-5-forever-steam-storytime /events/first-5-forever-steam-storytime-sunnybank-hills-library 301
/events/first-5-forever-babies-books-and-rhymes /events/first-5-forever-babies-books-and-rhymes-indooroopilly-library 301
/events/journey-to-the-stars /events/journey-to-the-stars-sir-thomas-brisbane-planetarium 301
/events/magic-globe-a-story-of-the-seasons /events/magic-globe-a-story-of-the-seasons-sir-thomas-brisbane-planetarium 301
/events/perfect-little-planet /events/perfect-little-planet-sir-thomas-brisbane-planetarium 301
/events/riverside-at-the-gardens-markets /events 301
/events/the-dark-side-of-the-moon-planetarium-experience /events/the-dark-side-of-the-moon-planetarium-experience-sir-thomas-brisbane-planetarium 301

/events/volunteer-bushcare-working-bee-little-cabbage-tree-creek-bushcare /events/volunteer-bushcare-working-bee-little-cabbage-tree-creek-bushcare-chermside-hills-reserve 301
/events/holiday-fun /events/holiday-fun-state-library-of-queensland 301
/events/make-and-create-for-kids /events/make-and-create-for-kids-everton-park-library 301
/events/tuesday-mah-jong /events 301
/events/the-11th-asia-pacific-triennial-of-contemporary-art /events/the-11th-asia-pacific-triennial-of-contemporary-art-queensland-art-gallery-gallery-of-modern-art 301
/events/bellbowrie-mobile-library /events/bellbowrie-mobile-library-bellbowrie-mobile-library 301
/events/brain-training /events/brain-training-garden-city-library 301
/events/northey-street-organic-farmers-market /events/northey-street-organic-farmers-market-northey-street-city-farm 301
/events/tinker-table /events/tinker-table-brisbane-square-library 301
/events/make-a-poppy-pin-wheel /events/make-a-poppy-pin-wheel-anzac-square 301
/events/lord-mayor-s-new-year-s-eve-fireworks /events/lord-mayor-s-new-year-s-eve-fireworks-south-bank 301
/events/first-5-forever-baby-books-and-rhymes /events/first-5-forever-baby-books-and-rhymes-toowong-library 301
/events/tea-and-trivia /events/tea-and-trivia-brisbane-square-library 301
/events/volunteer-bushcare-working-bee-mcdowall-bushcare-group /events/volunteer-bushcare-working-bee-mcdowall-bushcare-group-mcdowall-reserve 301
/events/children-s-storytime-in-the-park-svoboda-park-kuraby /events/children-s-storytime-in-the-park-svoboda-park-kuraby-svoboda-park 301
/events/botanical-treasure-hunt /events/botanical-treasure-hunt-brisbane-botanic-gardens-mt-coot-tha 301
/events/brighton-mobile-library /events/brighton-mobile-library-brighton-mobile-library 301
/events/cosmic-collisions/ /events/cosmic-collisions-sir-thomas-brisbane-planetarium 301
/events/passport-to-the-universe /events/passport-to-the-universe-sir-thomas-brisbane-planetarium 301
/events/make-and-create /events/make-and-create-sandgate-library 301
/events/asia-pacific-triennial-kids /events/asia-pacific-triennial-kids-childrens-art-centre 301
/events/writing-mondays /events/writing-mondays-wynnum-library 301
/events/brisbane-city-christmas-tree /events/brisbane-city-christmas-tree-king-george-square 301
/events/forest-lake-mobile-library /events/forest-lake-mobile-library-forest-lake-mobile-library 301
/events/children-s-storytime-korean /events/childrens-storytime-korean-garden-city-library 301
/events/contact-zone /events/contact-zone-metro-arts 301
/events/tycho-goes-to-mars /events/tycho-goes-to-mars-sir-thomas-brisbane-planetarium 301
/events/last-day-the-dark-side-of-the-moon-planetarium-experience /events/last-day-the-dark-side-of-the-moon-planetarium-experience-sir-thomas-brisbane-planetarium 301
/events/christmas-in-the-library /events 301
/events/christmas-tiny-doors /events 301


/comments/feed/about.html /about-us 301
/comments/feed/events.html /events 301
/comments/feed/contact.html /contact-us 301
/irelaaquaandfitness.com/brisbane_city_council / 301
/irelaaquaandfitness.com/resources.html /resources 301
/irelaaquaandfitness.com/contact.html /contact-us 301
/irelaaquaandfitness.com/about.html /about-us 301
/irelaaquaandfitness.com/index.html / 301

/sample-page/ / 301
/sample-page/contact.html /contact-us 301
/category/uncategorized/ / 301
/category/uncategorized/events.html /events 301
/sample-page/resources.html /resources 301
/resources.html /resources 301
/sample-page/about.html /about-us 301
/sample-page/index.html / 301
/irelaaquaandfitness.com/events.html /events 301
/sample-page/events.html /events 301
/contact.html /contact-us 301
/events.html /events 301
/contact /contact-us 301